codigo;AplicaSN;CST00;CST02;CST10;CST15;CST20;CST30;CST40;CST41;CST50;CST51;CST53;CST60;CST61;CST70;CST90;Dispositivo;descricao;Observacao
;SIM;SIM;SIM;SIM;SIM;;;;;;;;SIM;SIM;;;;Sem preenchimento do cBenef;Contribuintes que utilizem CST 00, 02, 10, 15, 60 e 61 nao estao obrigados ao preenchimento do campo Cbenef
SEM CBENEF;SIM;;;;;SIM;SIM;SIM;SIM;SIM;SIM;SIM;;;SIM;SIM;;Item sem cBenef e UF exige cBenef para o CST;"Informar a tag, preenchendo com ""SEM CBENEF"" em maiusculas; indicar fundamentacao legal nas informacoes complementares do documento fiscal"
SP099090;SIM;;;;;SIM;SIM;SIM;SIM;SIM;SIM;SIM;;;SIM;SIM;;Beneficio concedido por decisao judicial em sentenca individual ou coletiva;Indicar o processo judicial nas informacoes complementares do documento fiscal
SP099000;SIM;;;;;;;;;;;;;;;SIM;;Remessas de mercadorias entre estabelecimentos do mesmo titular;Observar as disposicoes do Anexo XI da Portaria SRE 41/2023
SP099999;SIM;;;;;;;;SIM;;;;;;;SIM;;Operacoes, sem beneficio fiscal, para as quais a legislacao determine a emissao da NF sem destaque de ICMS;Indicar fundamentacao legal nas informacoes complementares  do documento fiscal
SP010010;SIM;;;;;;SIM;SIM;;;;;;;;;Artigo 001 do Anexo I do RICMS;Isencao - ADJUDICAcaO EFETUADA PELO ESTADO;
SP010020;SIM;;;;;;SIM;SIM;;;;;;;;;Artigo 002 do Anexo I do RICMS;Isencao - AIDS - MEDICAMENTOS PARA TRATAMENTO;
SP010030;SIM;;;;;;SIM;SIM;;;;;;;;;Artigo 003 do Anexo I do RICMS;Isencao - AMOSTRA GRaTIS;
SP010040;SIM;;;;;;SIM;SIM;;;;;;;;;Artigo 004 do Anexo I do RICMS;Isencao - APAE - IMPORTAcaO DE MEDICAMENTOS;
SP010070;SIM;;;;;;SIM;SIM;;;;;;;;;Artigo 007 do Anexo I do RICMS;Isencao - ARRENDAMENTO MERCANTIL;
SP010080;SIM;;;;;;SIM;SIM;;;;;;;;;Artigo 008 do Anexo I do RICMS;Isencao - BAGAGEM DE VIAJANTE;
SP010090;SIM;;;;;;SIM;SIM;;;;;;;;;Artigo 009 do Anexo I do RICMS;Isencao - BANCO DE ALIMENTOS;
SP010140;SIM;;;;;;SIM;SIM;;;;;;;;;Artigo 014 do Anexo I do RICMS;Isencao - CIRURGIAS - EQUIPAMENTOS E INSUMOS;
SP010160;SIM;;;;;;SIM;SIM;;;;;;;;;Artigo 016 do Anexo I do RICMS;Isencao - DEFICIENTES - CADEIRA DE RODAS E PRoTESES;
SP010170;SIM;;;;;;SIM;SIM;;;;;;;;;Artigo 017 do Anexo I do RICMS;Isencao - DEFICIENTES - PRODUTOS DIVERSOS;
SP010180;SIM;;;;;;SIM;SIM;;;;;;;;;Artigo 018 do Anexo I do RICMS;Isencao - DEFICIENTES - PRODUTOS PARA INSTITUIcaO PuBLICA OU ENTIDADE ASSISTENCIAL;
SP010190;SIM;;;;;;SIM;SIM;;;;;;;;;Artigo 019 do Anexo I do RICMS;"Isencao - PESSOA COM DEFICIeNCIA OU AUTISTA -
VEiCULO AUTOMOTOR";
SP010220;SIM;;;;;;SIM;SIM;;;;;;;;;Artigo 022 do Anexo I do RICMS;"Isencao - ""DRAWBACK""";
SP010230;SIM;;;;;;SIM;SIM;;;;;;;;;Artigo 023 do Anexo I do RICMS;Isencao - EMBARCAcaO NACIONAL;
SP010260;SIM;;;;;;SIM;SIM;;;;;;;;;Artigo 026 do Anexo I do RICMS;Isencao - EMBRAPA - IMPORTAcaO DE PRODUTOS PARA PESQUISA;
SP010270;SIM;;;;;;SIM;SIM;;;;;;;;;Artigo 027 do Anexo I do RICMS;Isencao - EMBRAPA - OPERAcoES DIVERSAS;
SP010280;SIM;;;;;;SIM;SIM;;;;;;;;;Artigo 028 do Anexo I do RICMS;Isencao - OoCITO/EMBRIaO/SeMEN;
SP010290;SIM;;;;;;SIM;SIM;;;;;;;;;Artigo 029 do Anexo I do RICMS;Isencao - ENERGIA ELeTRICA;
SP010300;SIM;;;;;;SIM;SIM;;;;;;;;;Artigo 030 do Anexo I do RICMS;Isencao - ENERGIA SOLAR E EoLICA;
SP010310;SIM;;;;;;SIM;SIM;;;;;;;;;Artigo 031 do Anexo I do RICMS;Isencao - ENTIDADE ASSISTENCIAL OU DE EDUCAcaO - PRODUcaO PRoPRIA;
SP010330;SIM;;;;;;SIM;SIM;;;;;;;;;Artigo 033 do Anexo I do RICMS;Isencao - EXPOSIcoES/FEIRAS;
SP010340;SIM;;;;;;SIM;SIM;;;;;;;;;Artigo 034 do Anexo I do RICMS;Isencao - FUNDAcaO NACIONAL DE SAuDE - IMPORTAcaO - MEDICAMENTOS;
SP010360;SIM;;;;;;SIM;SIM;;;;;;;;;Artigo 036 do Anexo I do RICMS;Isencao - HORTIFRUTIGRANJEIROS;
SP010370;SIM;;;;;;SIM;SIM;;;;;;;;;Artigo 037 do Anexo I do RICMS;Isencao - IMPORTAcaO - HIPoTESES DIVERSAS;
SP010380;SIM;;;;;;SIM;SIM;;;;;;;;;Artigo 038 do Anexo I do RICMS;Isencao - IMPORTAcaO DE PRODUTOS HOSPITALARES;
SP010390;SIM;;;;;;SIM;SIM;;;;;;;;;Artigo 039 do Anexo I do RICMS;Isencao - IMPORTAcaO - RETORNO DE EXPORTAcaO;
SP010400;SIM;;;;;;SIM;SIM;;;;;;;;;Artigo 040 do Anexo I do RICMS;Isencao - IMPORTAcaO - SANEAMENTO BaSICO;
SP010410;SIM;;;;;;SIM;SIM;;;;;;;;;Artigo 041 do Anexo I do RICMS;Isencao - INSUMOS AGROPECUaRIOS;
SP010420;SIM;;;;;;SIM;SIM;;;;;;;;;Artigo 042 do Anexo I do RICMS;Isencao - ITAIPU BINACIONAL;
SP010440;SIM;;;;;;SIM;SIM;;;;;;;;;Artigo 044 do Anexo I do RICMS;Isencao - LOJA FRANCA;
SP010510;SIM;;;;;;SIM;SIM;;;;;;;;;Artigo 051 do Anexo I do RICMS;Isencao - oLEO LUBRIFICANTE USADO OU CONTAMINADO;
SP010520;SIM;;;;;;SIM;SIM;;;;;;;;;Artigo 052 do Anexo I do RICMS;Isencao - oRGaOS PuBLICOS - DOAcoES PARA A SECRETARIA DA EDUCAcaO;
SP010530;SIM;;;;;;SIM;SIM;;;;;;;;;Artigo 053 do Anexo I do RICMS;Isencao - oRGaOS PuBLICOS - DOAcoES PARA ViTIMAS DA SECA;
SP010540;SIM;;;;;;SIM;SIM;;;;;;;;;Artigo 054 do Anexo I do RICMS;Isencao - oRGaOS PuBLICOS - DOAcoES PARA ViTIMAS DE CATaSTROFES;
SP010550;SIM;;;;;;SIM;SIM;;;;;;;;;Artigo 055 do Anexo I do RICMS;Isencao - oRGaOS PuBLICOS - AQUISIcaO DE BENS, MERCADORIAS OU SERVIcOS;
SP010560;SIM;;;;;;SIM;SIM;;;;;;;;;Artigo 056 do Anexo I do RICMS;Isencao - oRGaOS PuBLICOS - IMPORTAcaO;
SP010590;SIM;;;;;;SIM;SIM;;;;;;;;;Artigo 059 do Anexo I do RICMS;Isencao - oRGaOS PuBLICOS - PRODUTO FARMACeUTICO;
SP010600;SIM;;;;;;SIM;SIM;;;;;;;;;Artigo 060 do Anexo I do RICMS;Isencao - oRGaOS PuBLICOS - PRODUTOS E EQUIPAMENTOS MeDICOS;
SP010630;SIM;;;;;;SIM;SIM;;;;;;;;;Artigo 063 do Anexo I do RICMS;Isencao - oRGaOS PuBLICOS - VEiCULOS PARA AS SECRETARIAS DA FAZENDA E DE SEGURANcA;
SP010640;SIM;;;;;;SIM;SIM;;;;;;;;;Artigo 064 do Anexo I do RICMS;Isencao - PENITENCIaRIAS - MERCADORIAS PRODUZIDAS POR DETENTOS;
SP010680;SIM;;;;;;SIM;SIM;;;;;;;;;Artigo 068 do Anexo I do RICMS;Isencao - PRo-TAMAR;
SP010710;SIM;;;;;;SIM;SIM;;;;;;;;;Artigo 071 do Anexo I do RICMS;Isencao - REPRESENTAcoES DIPLOMaTICAS;
SP010730;SIM;;;;;;SIM;SIM;;;;;;;;;Artigo 073 do Anexo I do RICMS;Isencao - REPRODUTOR/MATRIZ;
SP010750;SIM;;;;;;SIM;SIM;;;;;;;;;Artigo 075 do Anexo I do RICMS;Isencao - SANGUE - IMPORTAcaO DE INSUMOS POR ENTIDADE DE HEMATOLOGIA OU HEMOTERAPIA;
SP010760;SIM;;;;;;SIM;SIM;;;;;;;;;Artigo 076 do Anexo I do RICMS;Isencao - SENAI, SENAC E SENAR;
SP010770;SIM;;;;;;SIM;SIM;;;;;;;;;Artigo 077 do Anexo I do RICMS;Isencao - TaXI - PRESTAcaO DE SERVIcO;
SP010780;SIM;;;;;;SIM;SIM;;;;;;;;;Artigo 078 do Anexo I do RICMS;Isencao - TRANSPORTE DE PASSAGEIROS;
SP010800;SIM;;;;;;SIM;SIM;;;;;;;;;Artigo 080 do Anexo I do RICMS;Isencao - TRENS METROPOLITANOS - IMPORTAcaO;
SP010820;SIM;;;;;;SIM;SIM;;;;;;;;;Artigo 082 do Anexo I do RICMS;Isencao - VASILHAME/RECIPIENTE/EMBALAGEM;
SP010830;SIM;;;;;;SIM;SIM;;;;;;;;;Artigo 083 do Anexo I do RICMS;Isencao - ViTIMAS DE CALAMIDADES - DOAcaO;
SP010840;SIM;;;;;;SIM;SIM;;;;;;;;;Artigo 084 do Anexo I do RICMS;Isencao - ZONA FRANCA DE MANAUS;
SP010880;SIM;;;;;;SIM;SIM;;;;;;;;;Artigo 088 do Anexo I do RICMS;Isencao - TaXI - VEiCULO;
SP010890;SIM;;;;;;SIM;SIM;;;;;;;;;Artigo 089 do Anexo I do RICMS;Isencao - AGROToXICO - EMBALAGEM - VAZIA;
SP010910;SIM;;;;;;SIM;SIM;;;;;;;;;Artigo 091 do Anexo I do RICMS;Isencao - FUNDO SOCIAL DE SOLIDARIEDADE- DOAcoES;
SP010920;SIM;;;;;;SIM;SIM;;;;;;;;;Artigo 092 do Anexo I do RICMS;Isencao - MEDICAMENTOS;
SP010940;SIM;;;;;;SIM;SIM;;;;;;;;;Artigo 094 do Anexo I do RICMS;Isencao - MEDICAMENTOS - oRGaOS PuBLICOS;
SP010970;SIM;;;;;;SIM;SIM;;;;;;;;;Artigo 097 do Anexo I do RICMS;Isencao - PROGRAMA DE SEGURANcA ALIMENTAR E NUTRICIONAL;
SP010980;SIM;;;;;;SIM;SIM;;;;;;;;;Artigo 098 do Anexo I do RICMS;Isencao - ALGODaO;
SP010990;SIM;;;;;;SIM;SIM;;;;;;;;;Artigo 099 do Anexo I do RICMS;Isencao - BORRACHA;
SP011010;SIM;;;;;;SIM;SIM;;;;;;;;;Artigo 101 do Anexo I do RICMS;Isencao - COELHO E AVE;
SP011020;SIM;;;;;;SIM;SIM;;;;;;;;;Artigo 102 do Anexo I do RICMS;Isencao - GADO;
SP011030;SIM;;;;;;SIM;SIM;;;;;;;;;Artigo 103 do Anexo I do RICMS;Isencao - LEITE;
SP011040;SIM;;;;;;SIM;SIM;;;;;;;;;Artigo 104 do Anexo I do RICMS;Isencao - HORTIFRUTIGRANJEIROS PARA INDUSTRIALIZAcaO;
SP011050;SIM;;;;;;SIM;SIM;;;;;;;;;Artigo 105 do Anexo I do RICMS;Isencao - PARTES E PEcAS PARA FABRICAcaO DE TRATOR, CAMINHaO E oNIBUS;
SP011070;SIM;;;;;;SIM;SIM;;;;;;;;;Artigo 107 do Anexo I do RICMS;Isencao - INDuSTRIA NAVAL/INFRA-ESTRUTURA PORTUaRIA;
SP011090;SIM;;;;;;SIM;SIM;;;;;;;;;Artigo 109 do Anexo I do RICMS;Isencao - AERONAVES - INSUMOS PARA A FABRICAcaO;
SP011120;SIM;;;;;;SIM;SIM;;;;;;;;;Artigo 112 do Anexo I do RICMS;Isencao - FUNDAcaO ZERBINI;
SP011130;SIM;;;;;;SIM;SIM;;;;;;;;;Artigo 113 do Anexo I do RICMS;Isencao - AMIGOS DO BEM - DOAcaO;
SP011150;SIM;;;;;;SIM;SIM;;;;;;;;;Artigo 115 do Anexo I do RICMS;Isencao - FARMaCIA POPULAR DO BRASIL;
SP011160;SIM;;;;;;SIM;SIM;;;;;;;;;Artigo 116 do Anexo I do RICMS;Isencao - REPORTO - MODERNIZAcaO DE ZONAS PORTUaRIAS;
SP011170;SIM;;;;;;SIM;SIM;;;;;;;;;Artigo 117 do Anexo I do RICMS;Isencao - DEPoSITO AFIANcADO;
SP011190;SIM;;;;;;SIM;SIM;;;;;;;;;Artigo 119 do Anexo I do RICMS;Isencao - PILHAS E BATERIAS USADAS;
SP011200;SIM;;;;;;SIM;SIM;;;;;;;;;Artigo 120 do Anexo I do RICMS;Isencao - oRGaOS PuBLICOS - PROGRAMAS DE FORTALECIMENTO E MODERNIZAcaO ESTADUAL;
SP011230;SIM;;;;;;SIM;SIM;;;;;;;;;Artigo 123 do Anexo I do RICMS;Isencao - FARINHA DE MANDIOCA;
SP011270;SIM;;;;;;SIM;SIM;;;;;;;;;Artigo 127 do Anexo I do RICMS;Isencao - PEcA DE VEiCULO AUTOMOTOR SUBSTITUiDA EM GARANTIA;
SP011290;SIM;;;;;;SIM;SIM;;;;;;;;;Artigo 129 do Anexo I do RICMS;Isencao - REAGENTE PARA DIAGNoSTICO DA DOENcA DE CHAGAS;
SP011300;SIM;;;;;;SIM;SIM;;;;;;;;;Artigo 130 do Anexo I do RICMS;Isencao - MEDICAMENTOS E EQUIPAMENTOS DESTINADOS a PESQUISA COM SERES HUMANOS;
SP011320;SIM;;;;;;SIM;SIM;;;;;;;;;Artigo 132 do Anexo I do RICMS;Isencao - PEcA SUBSTITUiDA EM VIRTUDE DE GARANTIA;
SP011330;SIM;;;;;;SIM;SIM;;;;;;;;;Artigo 133 do Anexo I do RICMS;Isencao - METRo - IMPLANTAcaO DA LINHA 4;
SP011340;SIM;;;;;;SIM;SIM;;;;;;;;;Artigo 134 do Anexo I do RICMS;Isencao - PROGRAMA CAMINHO DA ESCOLA - MINISTeRIO DA EDUCAcaO;
SP011350;SIM;;;;;;SIM;SIM;;;;;;;;;Artigo 135 do Anexo I do RICMS;Isencao - FARINHA DE TRIGO E PRODUTOS RESULTANTES DE SUA INDUSTRIALIZAcaO;
SP011360;SIM;;;;;;SIM;SIM;;;;;;;;;Artigo 136 do Anexo I do RICMS;Isencao - GESAC - GOVERNO FEDERAL;
SP011370;SIM;;;;;;SIM;SIM;;;;;;;;;Artigo 137 do Anexo I do RICMS;Isencao - oLEO COMESTiVEL;
SP011400;SIM;;;;;;SIM;SIM;;;;;;;;;Artigo 140 do Anexo I do RICMS;Isencao - OPERAcoES INTERNAS COM MAca E PeRA;
SP011420;SIM;;;;;;SIM;SIM;;;;;;;;;Artigo 142 do Anexo I do RICMS;Isencao - AACD;
SP011430;SIM;;;;;;SIM;SIM;;;;;;;;;Artigo 143 do Anexo I do RICMS;Isencao - PEcA DE AERONAVE SUBSTITUiDA EM VIRTUDE DE GARANTIA;
SP011470;SIM;;;;;;SIM;SIM;;;;;;;;;Artigo 147 do Anexo I do RICMS;Isencao - oRGaOS PuBLICOS - EQUIPAMENTOS DE SEGURANcA ELETRoNICA;
SP011480;SIM;;;;;;SIM;SIM;;;;;;;;;Artigo 148 do Anexo I do RICMS;Isencao - IMPORTAcaO - FORcAS ARMADAS;
SP011490;SIM;;;;;;SIM;SIM;;;;;;;;;Artigo 149 do Anexo I do RICMS;Isencao - SERVIcO DE TRANSPORTE - EXPORTAcaO;
SP011500;SIM;;;;;;SIM;SIM;;;;;;;;;Artigo 150 do Anexo I do RICMS;Isencao - GRIPE A - MEDICAMENTO PARA TRATAMENTO;
SP011510;SIM;;;;;;SIM;SIM;;;;;;;;;Artigo 151 do Anexo I do RICMS;Isencao - LOCOMOTIVA;
SP011520;SIM;;;;;;SIM;SIM;;;;;;;;;Artigo 152 do Anexo I do RICMS;Isencao - UNIaO DOS ESCOTEIROS DO BRASIL;
SP011530;SIM;;;;;;SIM;SIM;;;;;;;;;Artigo 153 do Anexo I do RICMS;Isencao - FUNDAcaO FACULDADE DE MEDICINA;
SP011540;SIM;;;;;;SIM;SIM;;;;;;;;;Artigo 154 do Anexo I do RICMS;Isencao - TRATAMENTO DE CaNCER;
SP011550;SIM;;;;;;SIM;SIM;;;;;;;;;Artigo 155 do Anexo I do RICMS;Isencao - TRANSPORTE DE PASSAGEIROS - CPTM;
SP011560;SIM;;;;;;SIM;SIM;;;;;;;;;Artigo 156 do Anexo I do RICMS;Isencao - OBRA SOCIAL NOSSA SENHORA DA GLoRIA;
SP011570;SIM;;;;;;SIM;SIM;;;;;;;;;Artigo 157 do Anexo I do RICMS;Isencao - HEMOBRaS;
SP011580;SIM;;;;;;SIM;SIM;;;;;;;;;Artigo 158 do Anexo I do RICMS;Isencao - TREM, LOCOMOTIVA OU VAGaO;
SP011590;SIM;;;;;;SIM;SIM;;;;;;;;;Artigo 159 do Anexo I do RICMS;Isencao - MATeRIA-PRIMA, MATERIAL SECUNDaRIO, EMBALAGENS, PARTES, PEcAS, MaQUINAS E EQUIPAMENTOS - TRANSPORTE PuBLICO SOBRE TRILHOS DE PASSAGEIROS;
SP011600;SIM;;;;;;SIM;SIM;;;;;;;;;Artigo 160 do Anexo I do RICMS;Isencao - METRo - IMPLANTAcaO DA LINHA 6;
SP011610;SIM;;;;;;SIM;SIM;;;;;;;;;Artigo 161 do Anexo I do RICMS;Isencao - METRo - IMPLANTAcaO DA LINHA 18;
SP011620;SIM;;;;;;SIM;SIM;;;;;;;;;Artigo 162 do Anexo I do RICMS;Isencao - PARCERIA PuBLICO-PRIVADA - HOSPITAIS;
SP011660;SIM;;;;;;SIM;SIM;;;;;;;;;Artigo 166 do Anexo I do RICMS;"Isencao - ENERGIA ELeTRICA - MICROGERADORES E
MINIGERADORES";
SP011680;SIM;;;;;;SIM;SIM;;;;;;;;;Artigo 168 do Anexo I do RICMS;Isencao - ARROZ;
SP011690;SIM;;;;;;SIM;SIM;;;;;;;;;Artigo 169 do Anexo I do RICMS;Isencao - FEIJaO;
SP011700;SIM;;;;;;SIM;SIM;;;;;;;;;Artigo 170 do Anexo I do RICMS;Isencao - ENERGIA SOLAR - PReDIOS PuBLICOS;
SP011710;SIM;;;;;;SIM;SIM;;;;;;;;;Artigo 171 do Anexo I do RICMS;Isencao - IPT - MATERIAIS DE REFEReNCIA;
SP011730;SIM;;;;;;SIM;SIM;;;;;;;;;Artigo 173 do Anexo I do RICMS;"Isencao - AME - MEDICAMENTO PARA
TRATAMENTO";
SP011740;SIM;;;;;;SIM;SIM;;;;;;;;;Artigo 174 do Anexo I do RICMS;Isencao - AUTOMATED PEOPLE MOVER;
SP011760;SIM;;;;;;SIM;SIM;;;;;;;;;Artigo 176 do Anexo I do RICMS;Isencao - ABSORVENTES;
SP011770;SIM;;;;;;SIM;SIM;;;;;;;;;Artigo 177 do Anexo I do RICMS;Isencao - ACELERADORES LINEARES;
SP011780;SIM;;;;;;SIM;SIM;;;;;;;;;Artigo 178 do Anexo I do RICMS;Isencao - METRo - EXPANSaO DA LINHA 2;
SP011790;SIM;;;;;;SIM;SIM;;;;;;;;;Artigo 179 do Anexo I do RICMS;Isencao - FIBROSE CiSTICA;
SP011810;SIM;;;;;;SIM;SIM;;;;;;;;;Artigo 181 do Anexo I do RICMS;Isencao - EQUIPAMENTOS RECREATIVOS PARA USO EM PARQUE DE DIVERSaO - IMPORTAcaO;
SP011820;SIM;;;;;;SIM;SIM;;;;;;;;;Artigo 182 do Anexo I do RICMS;Isencao - REFEIcaO;
SP011830;SIM;;;;;;SIM;SIM;;;;;;;;;Artigo 183 do Anexo I do RICMS;Isencao - LEVEDURAS;
SP011840;SIM;;;;;;SIM;SIM;;;;;;;;;Artigo 184 do Anexo I do RICMS;Isencao - TREM INTERCIDADES - TIC EIXO NORTE;
SP011850;SIM;;;;;;SIM;SIM;;;;;;;;;Artigo 185 do Anexo I do RICMS;Isencao - aREAS DE LIVRE COMeRCIO;
SP020010;;;;;;SIM;;;;;;;;;SIM;;Artigo 001 do Anexo II do RICMS;Reducao de Base de Calculo - AERONAVES, PARTES E PEcAS;
SP020030;;;;;;SIM;;;;;;;;;SIM;;Artigo 003 do Anexo II do RICMS;Reducao de Base de Calculo - CESTA BaSICA;
SP020080;;;;;;SIM;;;;;;;;;SIM;;Artigo 008 do Anexo II do RICMS;Reducao de Base de Calculo - GaS NATURAL;
SP020090;;;;;;SIM;;;;;;;;;SIM;;Artigo 009 do Anexo II do RICMS;Reducao de Base de Calculo - INSUMOS AGROPECUaRIOS;
SP020100;;;;;;SIM;;;;;;;;;SIM;;Artigo 010 do Anexo II do RICMS;Reducao de Base de Calculo - INSUMOS AGROPECUaRIOS - RAcoES E ADUBOS;
SP020110;;;;;;SIM;;;;;;;;;SIM;;Artigo 011 do Anexo II do RICMS;Reducao de Base de Calculo - MaQUINAS, APARELHOS E VEiCULOS USADOS;
SP020120;;;;;;SIM;;;;;;;;;SIM;;Artigo 012 do Anexo II do RICMS;Reducao de Base de Calculo - MaQUINAS INDUSTRIAIS E IMPLEMENTOS AGRiCOLAS;
SP020150;;;;;;SIM;;;;;;;;;SIM;;Artigo 015 do Anexo II do RICMS;Reducao de Base de Calculo - Po DE ALUMiNIO;
SP020190;;;;;;SIM;;;;;;;;;SIM;;Artigo 019 do Anexo II do RICMS;Reducao de Base de Calculo - TRANSPORTE DE LEITE;
SP020260;;;;;;SIM;;;;;;;;;SIM;;Artigo 026 do Anexo II do RICMS;Reducao de Base de Calculo - DESENVOLVIMENTO INDUSTRIAL E AGROPECUaRIO - EMBALAGENS PARA OVO IN NATURA;
SP020290;;;;;;SIM;;;;;;;;;SIM;;Artigo 029 do Anexo II do RICMS;Reducao de Base de Calculo - CARROcARIA DE oNIBUS;
SP020300;;;;;;SIM;;;;;;;;;SIM;;Artigo 030 do Anexo II do RICMS;Reducao de Base de Calculo - PRODUTOS DE COURO, SAPATOS, BOLSAS, CINTOS, CARTEIRAS E OUTROS ACESSoRIOS;
SP020320;;;;;;SIM;;;;;;;;;SIM;;Artigo 032 do Anexo II do RICMS;Reducao de Base de Calculo - ATACADISTA DE COURO;
SP020330;;;;;;SIM;;;;;;;;;SIM;;Artigo 033 do Anexo II do RICMS;Reducao de Base de Calculo - VINHO;
SP020340;;;;;;SIM;;;;;;;;;SIM;;Artigo 034 do Anexo II do RICMS;Reducao de Base de Calculo - PERFUMES, COSMETICOS E PRODUTOS DE HIGIENE PESSOAL;
SP020350;;;;;;SIM;;;;;;;;;SIM;;Artigo 035 do Anexo II do RICMS;Reducao de Base de Calculo - INSTRUMENTOS MUSICAIS;
SP020370;;;;;;SIM;;;;;;;;;SIM;;Artigo 037 do Anexo II do RICMS;Reducao de Base de Calculo - BRINQUEDOS;
SP020380;;;;;;SIM;;;;;;;;;SIM;;Artigo 038 do Anexo II do RICMS;Reducao de Base de Calculo - REGIME DE ADMISSaO TEMPORaRIA;
SP020390;;;;;;SIM;;;;;;;;;SIM;;Artigo 039 do Anexo II do RICMS;Reducao de Base de Calculo - PRODUTOS ALIMENTiCIOS;
SP020450;;;;;;SIM;;;;;;;;;SIM;;Artigo 045 do Anexo II do RICMS;Reducao de Base de Calculo - CARNE;
SP020520;;;;;;SIM;;;;;;;;;SIM;;Artigo 052 do Anexo II do RICMS;Reducao de Base de Calculo - PRODUTOS TeXTEIS;
SP020530;;;;;;SIM;;;;;;;;;SIM;;Artigo 053 do Anexo II do RICMS;Reducao de Base de Calculo - HIDROCARBONETOS LiQUIDOS - SOLVENTES;
SP020550;;;;;;SIM;;;;;;;;;SIM;;Artigo 055 do Anexo II do RICMS;Reducao de Base de Calculo - LaMPADAS LED, LUMINaRIAS LED, REFLETORES LED, FITAS LED E PAINeIS LED;
SP020560;;;;;;SIM;;;;;;;;;SIM;;Artigo 056 do Anexo II do RICMS;Reducao de Base de Calculo - MDP, MDF e CHAPAS DE FIBRAS DE MADEIRA;
SP020580;;;;;;SIM;;;;;;;;;SIM;;Artigo 058 do Anexo II do RICMS;Reducao de Base de Calculo - BARRAS DE AcO;
SP020590;;;;;;SIM;;;;;;;;;SIM;;Artigo 059 do Anexo II do RICMS;Reducao de Base de Calculo - TRATAMENTO DE EFLUENTES DOMeSTICOS E INDUSTRIAIS;
SP020610;;;;;;SIM;;;;;;;;;SIM;;Artigo 061 do Anexo II do RICMS;Reducao de Base de Calculo - SUCO DE LARANJA;
SP020620;;;;;;SIM;;;;;;;;;SIM;;Artigo 062 do Anexo II do RICMS;Reducao de Base de Calculo - SOLUcaO PARENTERAL;
SP020630;;;;;;SIM;;;;;;;;;SIM;;Artigo 063 do Anexo II do RICMS;Reducao de Base de Calculo - REGIME DE TRIBUTAcaO UNIFICADA - RTU;
SP020650;;;;;;SIM;;;;;;;;;SIM;;Artigo 065 do Anexo II do RICMS;Reducao de Base de Calculo - CARROCERIAS SOBRE CHASSI, VAGoES FERROVIaRIOS DE CARGA, CARROCERIAS PARA VEiCULOS AUTOMoVEIS, REBOQUES E SEMIRREBOQUES;
SP020660;;;;;;SIM;;;;;;;;;SIM;;Artigo 066 do Anexo II do RICMS;Reducao de Base de Calculo - TUBOS, LAMINADOS E LIGAS DE COBRE;
SP020690;;;;;;SIM;;;;;;;;;SIM;;Artigo 069 do Anexo II do RICMS;Reducao de Base de Calculo - BIOGaS E BIOMETANO;
SP020710;;;;;;SIM;;;;;;;;;SIM;;Artigo 071 do Anexo II do RICMS;Reducao de Base de Calculo - AMIDO DE MILHO, GLICOSE E XAROPE DE GLICOSE, OUTROS AcuCARES E XAROPES DE AcuCARES ORIUNDOS DO MILHO, AMIDO MODIFICADO E DEXTRINA DE MILHO, COLAS a BASE DE AMIDOS DE MILHO, DE DEXTRINA OU DE OUTROS AMIDOS MODIFICADOS DE MILHO;
SP050710;;;;;;;;;;;SIM;;;;;;Artigo 071 do Anexo II do RICMS, § 1¦;Diferimento amparado por regime especial concedido nos termos do § 1¦ do artigo 71 do Anexo II do RICMS;
SP020740;;;;;;SIM;;;;;;;;;SIM;;Artigo 074 do Anexo II do RICMS;Reducao de Base de Calculo - CARNE;
SP020750;;;;;;SIM;;;;;;;;;SIM;;Artigo 075 do Anexo II do RICMS;Reducao de Base de Calculo - PNEUS E CaMARAS DE AR - SAiDAS INTERNAS;
SP020770;;;;;;SIM;;;;;;;;;SIM;;Artigo 077 do Anexo II do RICMS;Reducao de Base de Calculo - INSUMOS AGROPECUaRIOS - ADUBOS;
SP020780;;;;;;SIM;;;;;;;;;SIM;;Artigo 078 do Anexo II do RICMS;Reducao de Base de Calculo - FABRICANTE DE oNIBUS;
SP020800;;;;;;SIM;;;;;;;;;SIM;;Artigo 080 do Anexo II do RICMS;Reducao de Base de Calculo - IMPORTAcaO POR REMESSAS POSTAIS OU EXPRESSAS;
SP040100;;;;;;;;;;;;;;;;SIM;Decreto 51.597/07;Tributacao sobre a Receita Bruta - FORNECIMENTO DE ALIMENTAcaO;
SP040200;;;;;;;;;;;;;;;;SIM;Decreto 62.647/17;Tributacao sobre a Receita Bruta -  COMeRCIO VAREJISTA DE CARNES;
SP018000;;;;;;;SIM;SIM;;;;;;;;;Decreto 63.208/18;Isencao - REPETRO;
SP028000;;;;;;SIM;;;;;;;;;SIM;;Decreto 63.208/18;Reducao de Base de Calculo - REPETRO;
SP029000;;;;;;SIM;;;;;;;;;SIM;;Decreto 51.624/07;Reducao de Base de Calculo - Industria de informatica;
SP070010;SIM;;;;;;;;SIM;;;;;;;;Artigo 7¦, I do RICMS;Nao incidencia - Saida de mercadoria com destino a armazem geral situado neste Estado, para deposito em nome do remetente;
SP070020;SIM;;;;;;;;SIM;;;;;;;;Artigo 7¦, II do RICMS;Nao incidencia - Saida de mercadoria com destino a deposito fechado, localizado neste Estado, do proprio contribuinte;
SP070030;SIM;;;;;;;;SIM;;;;;;;;Artigo 7¦, III do RICMS;Nao incidencia - Saida de mercadoria de estabelecimento referido no inciso I ou II, em retorno ao estabelecimento depositante;
SP070040;SIM;;;;;;;;SIM;;;;;;;;Artigo 7¦, IV do RICMS;Nao incidencia - Saida de mercadoria, pertencente a terceiro, de estabelecimento de empresa de transporte ou de deposito, por conta e ordem desta, ressalvada a aplicacao do disposto no inciso X do Artigo 2¦;
SP070050;SIM;;;;;;;;SIM;;;;;;;;Artigo 7¦, V do RICMS;Nao incidencia - Saida de mercadoria com destino ao exterior e a prestacao que destine servico ao exterior;
SP070060;SIM;;;;;;SIM;;SIM;;;;;;;;Artigo 7¦, VI do RICMS;Nao incidencia - Saida com destino a outro Estado de energia eletrica ou de petroleo, inclusive lubrificante ou combustivel liquido ou gasoso, dele derivados;
SP070070;SIM;;;;;;;;SIM;;;;;;;;Artigo 7¦, VII do RICMS;Nao incidencia - Saida e o correspondente retorno de equipamentos e materiais, promovidos por pessoa ou entidade adiante indicada, utilizados exclusivamente nas operacoes vinculadas as suas atividades ou finalidades essenciais, observado o disposto no § 4;
SP070080;SIM;;;;;;;;SIM;;;;;;;;Artigo 7¦, VIII  do RICMS;Nao incidencia - Saida, de estabelecimento prestador de servico de qualquer natureza definido em lei complementar como de competencia tributaria do municipio, de mercadoria a ser ou que tenha sido utilizada na prestacao de tal servico, ressalvadas as hipo;
SP070090;SIM;;;;;;;;SIM;;;;;;;;Artigo 7¦, IX do RICMS;Nao incidencia - Saida de maquinas, equipamentos, ferramentas ou objetos de uso do contribuinte, bem como de suas partes e pecas, com destino a outro estabelecimento para lubrificacao, limpeza, revisao, conserto, restauracao ou recondicionamento ou em raz;
SP070100;SIM;;;;;;;;SIM;;;;;;;;Artigo 7¦, X do RICMS;Nao incidencia - Saida, em retorno ao estabelecimento de origem, de bem mencionado no inciso anterior, ressalvadas as hipoteses de fornecimento de mercadoria previstas no inciso III do artigo 2¦;
SP070110;SIM;;;;;;;;SIM;;;;;;;;Artigo 7¦, XI do RICMS;Nao incidencia - Operacao com ouro, quando definido em lei como ativo financeiro ou instrumento cambial;
SP070120;SIM;;;;;;;;SIM;;;;;;;;Artigo 7¦, XII do RICMS;"Nao incidencia - Operacao decorrente de alienacao fiduciaria em garantia, bem como sobre a operacao posterior ao vencimento do respectivo contrato de financiamento efetuada pelo credor fiduciario em razao do inadimplemento do devedor;";
SP070130;SIM;;;;;;;;SIM;;;;;;;;Artigo 7¦, XIII do RICMS;Nao incidencia - Operacao ou prestacao que envolver livro, jornal ou periodico ou o papel destinado a sua impressao;
SP070140;SIM;;;;;;;;SIM;;;;;;;;Artigo 7¦, XIV do RICMS;Nao incidencia - Saida de bem do ativo permanente;
SP070150;SIM;;;;;;;;SIM;;;;;;;;Artigo 7¦, XV do RICMS;Nao incidencia - Saida, com destino a outro estabelecimento do mesmo titular, de material de uso ou consumo;
SP070160;SIM;;;;;;;;SIM;;;;;;;;Artigo 7¦, XVI do RICMS;Nao incidencia - Operacao de qualquer natureza de que decorra a transmissao de bens moveis salvados de sinistro para companhias seguradoras.;
SP070170;SIM;;;;;;;;SIM;;;;;;;;Artigo 7¦, XVII do RICMS;Nao incidencia - Saida de bem ou mercadoria com destino ao exterior sob amparo do Regime Aduaneiro Especial de Exportacao Temporaria, bem como a posterior reimportacao, em retorno, desse mesmo bem ou mercadoria, desde que observados os prazos e condicoes ;
SP070180;SIM;;;;;;;;SIM;;;;;;;;Artigo 7¦, XVIII do RICMS;Nao incidencia - Operacoes e prestacoes praticadas por orgaos da administracao publica direta estadual paulista, bem como pelas autarquias e fundacoes instituidas e mantidas pelo Estado de Sao Paulo;
SP052600;SIM;;;;;;;;;;SIM;;;;;;Artigo 260 do RICMS;Diferimento - Saida promovida por produtor situado em territorio paulista com destino a comerciante, industrial, cooperativa ou qualquer outro contribuinte, exceto produtor;
SP053160;SIM;;;;;;;;;;SIM;;;;;;Artigo 316 do RICMS;Diferimento - Prestacao de servico de transporte de carga, com inicio em territorio paulista, realizada por transportador autonomo, qualquer que seja o seu domicilio, ou por empresa transportadora estabelecida fora do territorio paulista, inclusive a opta;
SP053190;SIM;;;;;;;;;SIM;;;;;;;Artigo 319 do RICMS;Suspensao - Saida de mercadoria remetida para demonstracao, inclusive com destino a consumidor ou usuario final, ate o momento em que ocorrer a transmissao de sua propriedade;
SP053191;SIM;;;;;;;;;SIM;;;;;;;Artigo 319-A do RICMS;Suspensao - Saida de mercadoria remetida para mostruario, condicionada ao seu retorno ao estabelecimento de origem em ate 180 (cento e oitenta) dias;
SP053260;SIM;;;;;;;;;SIM;;;;;;;Artigo 326 do RICMS;Suspensao - Saida, de estabelecimento fabricante, de produtos especificos com destino a hospitais para utilizacao em cirurgia cardiovascular ou de implantacao de protese de silicone;
SP053270;SIM;;;;;;;;;SIM;;;;;;;Artigo 327 do RICMS;Suspensao - Saida de moldes, matrizes, gabaritos, padroes, chapelonas, modelos e estampos, nao integrados ao ativo imobilizado, para fornecimento de trabalho fora do estabelecimento, ou com destino a outro estabelecimento inscrito como contribuinte para s;
SP053271;SIM;;;;;;;;;SIM;;;;;;;Artigo 327-A do RICMS;Suspensao - Desembaraco aduaneiro de mercadoria ou bem importados sem cobertura cambial, destinados a manutencao e ao reparo de aeronave pertencente a empresa autorizada a operar no transporte comercial internacional, e utilizados nessa atividade para est;
SP053272;SIM;;;;;;;;;SIM;;;;;;;Artigo 327-D do RICMS;Suspensao - Saida de partes, pecas e componentes aeronauticos para estoque proprio em poder de terceiros;
SP053273;SIM;;;;;;;;;SIM;;;;;;;Artigo 327-H do RICMS;Suspensao - Desembaraco aduaneiro de mercadoria ou bem importado do exterior e admitido nos Regimes Aduaneiros Especiais de Deposito Especial, Entreposto Aduaneiro na Importacao e Transito Aduaneiro;
SP053274;SIM;;;;;;;;;SIM;;;;;;;Artigo 327-I do RICMS;Suspensao - Desembaraco aduaneiro de catodo de cobre, NCM 7403.11.00, quando a importacao for efetuada diretamente por estabelecimento industrial que realize a metalurgia do cobre importado em seu proprio estabelecimento localizado em territorio paulista,;
SP053275;SIM;;;;;;;;;SIM;SIM;;;;;SIM;Artigo 327-J do RICMS;Suspensao ou diferimento amparado por regime especial concedido nos termos do artigo 327-J do RICMS;
SP053276;SIM;;;;;;;;;SIM;;;;;;;Artigo 327-K do RICMS;Suspensao - Desembaraco aduaneiro de bens destinados a integracao ao ativo imobilizado, importados do exterior por estabelecimento industrial paulista classificado na CNAE 29.10-7/01 ? ?Fabricacao de automoveis, camionetas e utilitarios?;
SP053280;SIM;;;;;;;;;;SIM;;;;;;Artigo 328 do RICMS;Diferimento - Saida de mercadoria, promovida por estabelecimento rural com destino a cooperativa de que fizer parte, situado neste Estado;
SP053290;SIM;;;;;;;;;;SIM;;;;;;Artigo 329 do RICMS;Diferimento - Saidas de algodao em caroco de producao paulista;
SP053300;SIM;;;;;;;;;;SIM;;;;;;Artigo 330 do RICMS;Diferimento - Saidas de algodao em pluma ou de caroco de algodao, resultantes do beneficiamento de algodao em caroco de producao paulista;
SP053330;SIM;;;;;;;;;;SIM;;;;;;Artigo 333 do RICMS;Diferimento - Saidas de cafe cru, em coco ou em grao;
SP053450;SIM;;;;;;;;;;SIM;;;;;;Artigo 345 do RICMS;Diferimento - Saidas internas das materias-primas de producao paulista e subprodutos destinados a fabricacao de acucar, alcool ou melaco;
SP053460;SIM;;;;;;;;;;SIM;;;;;;Artigo 346 do RICMS;Diferimento - Saida interna dos produtos resultantes da industrializacao de materias-primas de producao paulista e subprodutos relacionados no § 4¦ do artigo 345, com destino a cooperativa de que faca parte o remetente;
SP053461;SIM;;;;;;;;;;SIM;;;;;;Artigo 346-A do RICMS;Diferimento - Saidas com destino a empresa geradora de energia termoeletrica de bagaco e torta de filtro resultantes da fabricacao de acucar, alcool ou melaco, palha, cavaco e outros residuos da colheita das materias- primas indicadas no item 1 do § 4¦ do;
SP053462;SIM;;;;;;;;;;SIM;;;;;;Artigo 346-B do RICMS;Diferimento - Saidas internas de energia eletrica e de energia termica (vapor d?agua), promovidas por empresa geradora de energia termoeletrica, com destino a estabelecimento fabricante de acucar, alcool ou melaco;
SP053480;SIM;;;;;;;;;;SIM;;;;;;Artigo 348 do RICMS;Diferimento - Saidas de feijao;
SP053500;SIM;;;;;;;;;;SIM;;;;;;Artigo 3?50 do RICMS;Diferimento - Saidas de produtos agropecuarios relacionados no artigo 350 do RICMS;
SP053512;SIM;;;;;;;;;;SIM;;;;;;Artigo 351-B do RICMS;Diferimento - Saida interna de amendoim em baga ou em grao de estabelecimento industrial beneficiador com destino a outro estabelecimento industrial, na proporcao de 40% (quarenta por cento) do valor da operacao.;
SP053520;SIM;;;;;;;;;;SIM;;;;;;Artigo 352 do RICMS;Diferimento - Ope?racoes com cominho;
SP053521;SIM;;;;;;;;;;SIM;;;;;;Artigo 352-A do RICMS;Diferimento - Operacoes internas com trigo em grao, exceto para semeadura, classificado na posicao 1001.00 da Nomenclatura Brasileira de Mercadorias - Sistema Harmonizado - NBM/SH;
SP053522;SIM;;;;;;;;;;SIM;;;;;;Artigo 352-B do RICMS;Diferimento - Operacoes internas com triticale, exceto para semeadura, classificado na posicao 1008.60 da Nomenclatura Comum do Mercosul - Sistema Harmonizado - NCM/SH;
SP053530;SIM;;;;;;;;;;SIM;;;;;;Artigo 353 do RICMS;Diferimento - Saida dos produtos hortifrutigranjeiros em estado natural relacionados no artigo 36 do Anexo I do RICMS com destino a estabelecimento industrial localizado neste Estado, para fins de industrializacao;
SP053540;SIM;;;;;;;;;;SIM;;;;;;Artigo 354 do RICMS;"Diferimento - Primeira saida, para o territorio do Estado, de produto ""in natura"" relacionado no artigo 354 do RICMS, ainda que acondicionado ou embalado para transporte, promovida pelo estabelecimento em que tiver sido produzido, com destino a estabeleci";
SP053550;SIM;;;;;;;;;;SIM;;;;;;Artigo 355 do RICMS;Diferimento - Operacoes com semente destinada ao plantio;Aplicacao suspensa enquanto vigorar o beneficio fiscal de isencao previsto no artigo 41 do Anexo I e de reducao da base de calculo previsto no artigo 77 do Anexo II, exclusivamente em relacao aos produtos ali indicados, conforme artigo 17 DDTT do RICMS (d
SP053560;SIM;;;;;;;;;;SIM;;;;;;Artigo 356 do RICMS;Diferimento - Operacoes com racao animal, concentrado ou suplemento, sendo o fabricante ou importador registrado no Ministerio da Agricultura e do Abastecimento;Aplicacao suspensa enquanto vigorar o beneficio fiscal de isencao previsto no artigo 41 do Anexo I e de reducao da base de calculo previsto no artigo 77 do Anexo II, exclusivamente em relacao aos produtos ali indicados, conforme artigo 17 DDTT do RICMS (d
SP053570;SIM;;;;;;;;;;SIM;;;;;;Artigo 357 do RICMS;Diferimento - Operacoes com amonia, acido nitrico, acido sulfurico, acido fosforico, cloreto de potassio, enxofre, fosfato de amonia, fosfato natural bruto, nitrato de amonio, ou de suas solucoes, nitrocalcio, ureia, sulfato de amonio, MAP (mono-amonio-fo;Aplicacao suspensa enquanto vigorar o beneficio fiscal de isencao previsto no artigo 41 do Anexo I e de reducao da base de calculo previsto no artigo 77 do Anexo II, exclusivamente em relacao aos produtos ali indicados, conforme artigo 17 DDTT do RICMS (d
SP053580;SIM;;;;;;;;;;SIM;;;;;;Artigo 358 do RICMS;Diferimento - Operacoes com adubo, simples ou composto, fertilizante, calcario ou gesso, destinados exclusivamente a uso na agricultura;Aplicacao suspensa enquanto vigorar o beneficio fiscal de isencao previsto no artigo 41 do Anexo I e de reducao da base de calculo previsto no artigo 77 do Anexo II, exclusivamente em relacao aos produtos ali indicados, conforme artigo 17 DDTT do RICMS (d
SP053590;SIM;;;;;;;;;;SIM;;;;;;Artigo 359 do RICMS;Diferimento - Operacoes com acaricida, carrapaticida, desfolhante, desinfetante, dessecante, espalhante adesivo, estimulador ou inibidor de crescimento (regulador), germicida, fungicida, formicida, herbicida, inseticida, nematicida, parasiticida, raticida;Aplicacao suspensa enquanto vigorar o beneficio fiscal de isencao previsto no artigo 41 do Anexo I e de reducao da base de calculo previsto no artigo 77 do Anexo II, exclusivamente em relacao aos produtos ali indicados, conforme artigo 17 DDTT do RICMS (d
SP053600;SIM;;;;;;;;;;SIM;;;;;;Artigo 360 do RICMS;Diferimento - Operacoes realizadas com insumos destinados a alimentacao animal ou a emprego na composicao ou fabricacao de racao animal, concentrado ou suplemento, em qualquer caso com destinacao exclusiva a uso na pecuaria, apicultura, aqüicultura, avicu;Aplicacao suspensa enquanto vigorar o beneficio fiscal de isencao previsto no artigo 41 do Anexo I e de reducao da base de calculo previsto no artigo 77 do Anexo II, exclusivamente em relacao aos produtos ali indicados, conforme artigo 17 DDTT do RICMS (d
SP053610;SIM;;;;;;;;;;SIM;;;;;;Artigo 361 do RICMS;Diferimento - Operacoes realizadas com insumos agropecuarios indicados no artigo 361 do RICMS;Aplicacao suspensa enquanto vigorar o beneficio fiscal de isencao previsto no artigo 41 do Anexo I e de reducao da base de calculo previsto no artigo 77 do Anexo II, exclusivamente em relacao aos produtos ali indicados, conforme artigo 17 DDTT do RICMS (d
SP053611;SIM;;;;;;;;;;SIM;;;;;;Artigo 361-A do RICMS;Diferimento - Primeira saida de levedura inativa seca, levedura autolisada, levedura hidrolisada, parede celular de levedura e extrato de levedura;
SP053620;SIM;;;;;;;;;;SIM;;;;;;Artigo 362 do RICMS;Diferimento - Saidas de coelho;
SP053630;SIM;;;;;;;;;;SIM;;;;;;Artigo 363 do RICMS;Diferimento - Saidas de aves;
SP053640;SIM;;;;;;;;;;SIM;;;;;;Artigo 364 do RICMS;Diferimento - Operacoes com gado em pe bovino ou suino;
SP053650;SIM;;;;;;;;;;SIM;;;;;;Artigo 365 do RICMS;Diferimento - Operacoes com gado em pe das demais especies;
SP053830;SIM;;;;;;;;;;SIM;;;;;;Artigo 383 do RICMS;Diferimento - Saidas internas de subprodutos da matanca do gado (couro ou pele, em estado fresco, salmourado ou salgado, de produto gorduroso nao comestivel de origem animal, inclusive o sebo, de osso, de chifre ou de casco);
SP053880;SIM;;;;;;;;;SIM;;;;;;;Artigo 388, § 13  do RICMS;Suspensao - Saida de equino de raca com idade superior a 3 (tres) anos para fora do Estado, para cobertura ou para participacao em provas ou para treinamento, e cujo imposto ainda nao tenha sido pago, desde que emitida a Nota Fiscal respectiva e que o ret;
SP053890;SIM;;;;;;;;;;SIM;;;;;;Artigo 389 do RICMS;Diferimento - Saidas de leite cru, pasteurizado ou reidratado ;
SP053910;SIM;;;;;;;;;;SIM;;;;;;Artigo 391 do RICMS;Diferimento - Operacoes internas com pescados, exceto os crustaceos e os moluscos, em estado natural, resfriados, congelados, salgados, secos, eviscerados, filetados, postejados ou defumados para conservacao, desde que nao enlatados ou cozidos, excluidas ;
SP053920;SIM;;;;;;;;;;SIM;;;;;;Artigo 392 do RICMS;Diferimento - Saidas de papel usado ou apara de papel, sucata de metal, caco de vidro, retalho, fragmento ou residuo de plastico, de borracha ou de tecido;
SP053941;SIM;;;;;;;;;;SIM;;;;;;Artigo 394-A do RICMS;Diferimento - Saidas de garrafas PET usadas e do produto resultante de sua moagem ou trituracao;
SP053942;SIM;;;;;;;;;;SIM;;;;;;Artigo 394-B do RICMS;Diferimento - Saidas internas de garrafas de vidro com valor comercial;
SP053951;SIM;;;;;;;;;;SIM;;;;;;Artigo 395-A do RICMS;Diferimento - Operacao interna promovida pelo estabelecimento fabricante de partes, pecas e componentes destinados ao estabelecimento fabricante de maquinas e equipamentos de uso na extracao mineral e na construcao, classificado no codigo do grupo 285 da ;
SP053952;SIM;;;;;;;;;SIM;;;;;;;Artigo 395-B do RICMS;Suspensao - Desembaraco aduaneiro de partes, pecas e componentes, quando a importacao for efetuada diretamente por estabelecimento fabricante de maquinas e equipamentos de uso na extracao mineral e na construcao, classificado no codigo do grupo 285 da Cla;
SP053953;SIM;;;;;;;;;;SIM;;;;;;Artigo 395-C do RICMS;Diferimento - Saida interna de materia-prima e produto intermediario destinados a estabelecimento fabricante de fogoes, refrigeradores, congeladores (freezers), maquinas de lavar louca, maquinas de lavar roupa ou maquinas de secar roupa, fornos eletricos ;
SP053954;SIM;;;;;;;;;;SIM;;;;;;Artigo 395-C1 do RICMS;Diferimento - Saida interna de materia-prima e produto intermediario destinados a estabelecimento fabricante de compressores para uso nao industrial, classificado no codigo 2814-3/02 da Classificacao Nacional de Atividades Economicas - CNAE;
SP053955;SIM;;;;;;;;;SIM;;;;;;;Artigo 395-D do RICMS;Suspensao - Desembaraco aduaneiro de materia-prima e produto intermediario, quando a importacao for efetuada diretamente por estabelecimento fabricante de fogoes, refrigeradores, congeladores (freezers), maquinas de lavar louca, maquinas de lavar roupa ou;
SP053956;SIM;;;;;;;;;;SIM;;;;;;Artigo 395-F do RICMS;Diferimento - Saida interna de materia-prima e produto intermediario, destinados estabelecimento fabricante classificado no codigo 2740-6/01 da CNAE, para fabricacao de lampada LED (NCM 8543.70.99), luminaria LED (NCM 9405.10.99), refletor LED (NCM 9405.1;
SP053957;SIM;;;;;;;;;SIM;;;;;;;Artigo 395-G do RICMS;Suspensao - Desembaraco aduaneiro de materia-prima e produto intermediario, quando a importacao for efetuada diretamente por estabelecimento fabricante classificado no codigo 2740-6/01 da CNAE, para fabricacao de lampada LED (NCM 8543.70.99), luminaria LE;
SP053958;SIM;;;;;;;;;;SIM;;;;;;Artigo 395-I do RICMS;Diferimento - Saida interna de materia-prima e produto intermediario destinados a estabelecimento fabricante de celulas fotovoltaicas em modulos ou paineis, classificadas nos codigos 8541.40.31 ou 8541.40.32 da Nomenclatura Comum do Mercosul - NCM;
SP053959;SIM;;;;;;;;;SIM;;;;;;;Artigo 395-J do RICMS;Suspensao - Desembaraco aduaneiro de materia-prima e produto intermediario, quando a importacao for efetuada diretamente por estabelecimento fabricante de celulas fotovoltaicas em modulos ou paineis, classificadas nos codigos 8541.40.31 ou 8541.40.32 da N;
SP053960;SIM;;;;;;;;;;SIM;;;;;;Artigo 395-L do RICMS;Diferimento - Saida interna efetuada pelo estabelecimento fabricante de resina de ureia-formaldeido, classificada nos codigos 3909.10.00 ou 3909.20.29 da Nomenclatura Comum do Mercosul - NCM, com destino a estabelecimento fabricante dos produtos relaciona;
SP059900;SIM;;;;;;;;;;SIM;;;;;;Artigo 395-M do RICMS;Diferimento - Saida interna de materia-prima e outros insumos produzidos em territorio paulista e destinados ao processo de industrializacao de biodiesel ou maquinas, equipamentos, pecas, partes e acessorios destinados a integrar o ativo imobilizado de es;
SP059901;SIM;;;;;;;;;SIM;;;;;;;Artigo 395-N do RICMS;Suspensao - Desembaraco aduaneiro de materia-prima e outros insumos produzidos em territorio paulista e destinados ao processo de industrializacao de biodiesel ou maquinas, equipamentos, pecas, partes e acessorios destinados a integrar o ativo imobilizado;
SP059902;SIM;;;;;;;;;;SIM;;;;;;Artigo 395-P do RICMS;Diferimento - Saida interna de materia-prima e insumos exclusivamente a estabelecimento fabricante de onibus ou carrocaria de onibus ou maquinas e equipamentos destinados a estabelecimento fabricante de onibus ou carrocaria de onibus para integracao ao at;
SP059903;SIM;;;;;;;;;SIM;;;;;;;Artigo 395-Q do RICMS;Suspensao - Desembaraco aduaneiro de materia-prima e insumos importados diretamente por estabelecimento fabricante de onibus ou carrocaria de onibus ou maquinas e equipamentos destinados a integrar o ativo imobilizado de estabelecimento fabricante de onib;
SP059904;SIM;;;;;;;;;;SIM;;;;;;Artigo 395-V do RICMS;Diferimento - Saida interna de maquinas e equipamentos destinados a integrar o ativo imobilizado de estabelecimento fabricante de sucos de fruta e sucos mistos;
SP059905;SIM;;;;;;;;;SIM;;;;;;;Artigo 395-W do RICMS;Suspensao - Desembaraco aduaneiro de maquinas e equipamentos destinados a integrar o ativo imobilizado de estabelecimento fabricante de sucos de fruta e sucos mistos ;
SP053961;SIM;;;;;;;;;SIM;;;;;;;Artigo 396-A do RICMS;Suspensao - Desembaraco aduaneiro de partes, pecas, componentes e materias-primas, quando a importacao for efetuada diretamente por estabelecimento fabricante de produtos da industria de processamento eletronico de dados, abrangido pelo artigo 4° da Lei f;
SP054001;SIM;;;;;;;;;;SIM;;;;;;Artigo 400-D do RICMS;Diferimento - Operacoes internas com aluminio em formas brutas, aluminio nao ligado, ligas de aluminio, inclusive a granalha de aluminio, e quaisquer outras mercadorias classificadas na posicao 7601 da Nomenclatura Brasileira de Mercadorias - Sistema Harm;
SP054002;SIM;;;;;;;;;;SIM;;;;;;Artigo 400-E1 do RICMS;Diferimento - Saida interna de vergalhao de aluminio classificado na posicao 7605 da Nomenclatura Comum do Mercosul - NCM, promovida pelo estabelecimento fabricante com destino a estabelecimento fabricante de fios e cabos classificados na posicao 7614 ou ;
SP054003;SIM;;;;;;;;;;SIM;;;;;;Artigo 400-F do RICMS;Diferimento - Saida interna dos insumos relacionados no § 1¦ promovida pelo estabelecimento fabricante com destino a estabelecimento fabricante dos aminoacidos especificados no artigo 400-F do RICMS;
SP054004;SIM;;;;;;;;;SIM;;;;;;;Artigo 400-G do RICMS;Suspensao - Desembaraco aduaneiro das mercadorias relacionadas no § 1¦ do artigo 400-F, quando a importacao for efetuada diretamente por estabelecimento fabricante dos aminoacidos relacionados;
SP054005;SIM;;;;;;;;;;SIM;;;;;;Artigo 400-G1 do RICMS;Diferimento - Saida interna de lisina, classificada nos codigos 2922.41.10, 2922.41.90 e 2309.90.90 da Nomenclatura Comum do Mercosul - NCM, de triptofano, classificado nos codigos 2933.99.19, 2922.49.90 e 2309.90.90 da NCM, e de treonina, classificada no;
SP054006;SIM;;;;;;;;;;SIM;;;;;;Artigo 400-H do RICMS;Diferimento -  Saida interna de mercadoria utilizada como materia-prima ou produto intermediario na fabricacao dos produtos para producao de energia eolica indicados no § 1¦ do Artigo 400-H do RICMS;
SP054007;SIM;;;;;;;;;SIM;;;;;;;Artigo 400-I do RICMS;Suspensao - Desembaraco aduaneiro da mercadoria, sem similar produzida no pais, utilizada como materia-prima ou produto intermediario na fabricacao dos produtos indicados no § 1¦ do artigo 400-H do RICMS, quando a importacao for efetuada diretamente por e;
SP054008;SIM;;;;;;;;;;SIM;;;;;;Artigo 400-J do RICMS;Diferimento - Saidas das embalagens industriais usadas indicadas no § 3¦ do Artigo 400-J do RICMS;
SP054009;SIM;;;;;;;;;;SIM;;;;;;Artigo 400-K do RICMS;Diferimento - Saida interna de mercadoria utilizada como materia-prima ou produto intermediario na fabricacao de aquecedores solares de agua, classificados no codigo 8419.19.10 da Nomenclatura Comum do MERCOSUL - NCM, fica diferido;
SP054010;SIM;;;;;;;;;SIM;;;;;;;Artigo 400-L do RICMS;"Suspensao - Desembaraco aduaneiro da mercadoria, sem similar produzida no pais, utilizada como materia-prima ou produto intermediario na fabricacao de aquecedor solar de agua indicado no ""caput"" do artigo 400-K do RICMS, quando a importacao for efetuada d";
SP054011;SIM;;;;;;;;;;SIM;;;;;;Artigo 400-M do RICMS;Diferimento - Saida interna de mercadoria destinada a sociedade de proposito especifico, localizada neste Estado, para posterior fornecimento como materia-prima ou produto intermediario na fabricacao de medicamento pela Fundacao para o Remedio Popular - F;
SP054012;SIM;;;;;;;;;SIM;;;;;;;Artigo 400-N do RICMS;Suspensao - Desembaraco aduaneiro de mercadoria, sem similar produzida no pais, destinada a sociedade de proposito especifico, localizada neste Estado, para posterior fornecimento como materiaprima ou produto intermediario na fabricacao de medicamento pel;
SP054013;SIM;;;;;;;;;;SIM;;;;;;Artigo 400-O do RICMS;Diferimento - Saidas internas de nafta para petroquimica, NCM 2710.12.41;
SP054014;SIM;;;;;;;;;;SIM;;;;;;Artigo 400-P do RICMS;Diferimento - Saidas internas de etileno, NCM 2901.21.00, e propeno, NCM 2901.22.00, destinadas a estabelecimento fabricante de polietileno, NCM 39.01, polipropileno, NCM 39.02, e policloreto de vinila, NCM 39.04;
SP054015;SIM;;;;;;;;;SIM;;;;;;;Artigo 400-S do RICMS;Suspensao - Desembaraco aduaneiro de nafta para petroquimica, NCM 2710.12.41, etileno, NCM 2901.21.00, e propeno, NCM 2901.22.00, quando a importacao for efetuada diretamente por estabelecimento fabricante das referidas mercadorias ou de polietileno, NCM ;
SP054016;SIM;;;;;;;;;;SIM;;;;;;Artigo 400-T do RICMS;Diferimento - Saida interna, promovida pelo estabelecimento fabricante, de mercadoria utilizada como embalagem para acondicionamento de leite esterilizado ?longa vida? (UHT ? Ultra High Temperature), classificada nos codigos 3920.10.99, 3923.30.00 e 4811.;
SP054017;SIM;;;;;;;;;;SIM;;;;;;Artigo 400-U do RICMS;Diferimento - Saida interna de mercadoria utilizada como materia-prima ou produto intermediario na fabricacao de embarcacoes para esporte e lazer, classificadas na posicao 8903 da Nomenclatura Comum do MERCOSUL - NCM, com destino a fabricante das referida;
SP054018;SIM;;;;;;;;;SIM;;;;;;;Artigo 400-V do RICMS;"Suspensao - Desembaraco aduaneiro de mercadoria, sem similar produzida no pais, utilizada como materia-prima ou produto intermediario na fabricacao das embarcacoes indicadas no ""caput"" do artigo 400-U, quando a importacao for efetuada diretamente por esta";
SP054019;SIM;;;;;;;;;;SIM;;;;;;Artigo 400-W do RICMS;Diferimento - Saida interna de insumos agropecuarios indicados no § 1¦ do Artigo 400-W do RICMS, realizada por estabelecimento centralizador de aquisicao de insumos que pertenca a sociedade que exerca exclusivamente atividade agropecuaria, com destino a e;
SP054021;SIM;;;;;;;;;;SIM;;;;;;Artigo 400-X do RICMS;Diferimento - Saida interna, promovida pelo estabelecimento fabricante, de ?stand up pouche? para embalagens de atomatados ou vegetais (NCM 3921.90.19 e 3923.29.10), de latas proprias para serem fechadas por soldadura ou cravacao - proprias para acondicio;
SP054023;SIM;;;;;;;;;;SIM;;;;;;Artigo 400-Y do RICMS;Diferimento - Saida interna promovida pelo estabelecimento fabricante de partes, pecas, componentes, materias-primas e materiais de embalagem com destino a estabelecimento fabricante beneficiado pelo Programa de Apoio ao Desenvolvimento Tecnologico da Ind;
SP054024;SIM;;;;;;;;;SIM;;;;;;;Artigo 400-Z do RICMS;Suspensao - Desembaraco aduaneiro de partes, pecas, componentes e materias-primas, quando a importacao for efetuada diretamente por estabelecimento fabricante beneficiado pelo Programa de Apoio ao Desenvolvimento Tecnologico da Industria de Semicondutores;
SP054022;SIM;;;;;;;;;;SIM;;;;;;Artigo 400-Z1 do RICMS;Diferimento - Saida interna de negros-de-carbono (NCM 2803.00.19) e oleos combustiveis (NCM 2710.19.22) obtidos por meio da reciclagem de pneus e de residuos de borracha, promovida pelo estabelecimento reciclador, com destino a estabelecimento industrial;
SP054025;SIM;;;;;;;;;;SIM;;;;;;Artigo 400-Z2 do RICMS;Diferimento - saida interna de resina de polipropileno, classificada no codigo 3902.10.20 da Nomenclatura Comum do Mercosul - NCM;
SP054026;SIM;;;;;;;;;;SIM;;;;;;Artigo 400-Z3 do RICMS;Diferimento - Desembaraco aduaneiro e saida interna de insumos, materias-primas, produtos intermediarios e embalagens com destino a estabelecimento fabricante de maquinas e equipamentos para integracao ao ativo imobilizado de fabricantes de celulose e de ;
SP054027;SIM;;;;;;;;;;SIM;;;;;;Artigo 400-Z4 do RICMS;Diferimento - saida interna de cimento asfaltico de petroleo, classificado no codigo 2713.20.00 da Nomenclatura Comum do Mercosul - NCM, destinado a estabelecimento fabricante de cimento asfaltico de petroleo;
SP054028;SIM;;;;;;;;;;SIM;;;;;;Artigo 400-Z5 do RICMS;Diferimento - Saida interna de residuo de oleo, classificado no codigo 2710.99.00 da Nomenclatura Comum do Mercosul - NCM, obtido por meio da reciclagem do material oleoso retirado de embarcacoes, promovida pelo estabelecimento reciclador;
SP054020;SIM;;;;;;;;;SIM;SIM;;;;;;Artigo 402 do RICMS e Portaria CAT 22/2007;Suspensao ou diferimento - Saida de mercadoria com destino a outro estabelecimento ou a trabalhador autonomo ou avulso que prestar servico pessoal, num e noutro caso, para industrializacao por encomenda;
SP054110;SIM;;;;;;;;;;SIM;SIM;;;;;Artigo 411 do RICMS;Diferimento - Operacoes com petroleo bruto, desde a importacao ou extracao, desde que o contribuinte que realize tais operacoes seja credenciado perante a Secretaria da Fazenda conforme disciplina por ela estabelecida.;
SP054111;SIM;;;;;;;;;;SIM;SIM;;;;;Artigo 411-A do RICMS;Diferimento - Saida interna de oleo lubrificante basico decorrente do re-refino do oleo lubrificante usado ou contaminado, processado de acordo com a legislacao em vigor por empresas devidamente autorizadas pelo orgao federal competente, quando destinado ;
SP054112;SIM;;;;;;;;;;SIM;SIM;;;;;Artigo 411-B do RICMS;Diferimento - Saida interna de lubrificantes derivados de petroleo classificados nos codigos 2710.19.31 e 2710.19.32 da NCM, de aditivos classificados no codigo 3811 da NCM e de material de embalagem, quando destinados a fabricante localizado neste Estado;
SP054113;SIM;;;;;;;;;SIM;;;;;;;Artigo 411-C do RICMS;Suspensao - Desembaraco aduaneiro, que ocorra em territorio paulista, de lubrificantes derivados do petroleo classificados nos codigos 2710.19.31 e 2710.19.32 da NCM, de aditivos classificados no codigo 3811 da NCM e de material de embalagem, quando a imp;
SP054114;SIM;;;;;;;;;;SIM;;;;;;Artigo 411-D do RICMS;Diferimento - Saida interna de materia prima, material secundario ou intermediario e material de embalagem, quando destinados a estabelecimento rerrefinador de oleo lubrificante usado e contaminado localizado nesse Estado, devidamente autorizado por orgao;
SP054115;SIM;;;;;;;;;SIM;;;;;;;Artigo 411-E do RICMS;Suspensao - Desembaraco aduaneiro, que ocorra em territorio paulista, de materia prima, material secundario ou intermediario e material de embalagem, quando a importacao for realizada por estabelecimento rerrefinador de oleo lubrificante usado e contamina;
SP054181;SIM;;;;;;;;;;SIM;SIM;;;;;Artigo 418-B, II do RICMS;Diferimento - Saida de etanol hidratado combustivel - EHC promovida por fabricante, cooperativa de produtores ou empresa comercializadora de etanol localizado em territorio paulista, nao credenciado nos termos do Artigo 418-A do RICMS, com destino a contr;
SP054182;SIM;;;;;;;;;;SIM;SIM;;;;;Artigo 418-F do RICMS;Diferimento - Saidas internas de etanol hidratado combustivel - EHC, promovidas por distribuidor de combustiveis com destino a outro distribuidor de combustiveis, em ambos os casos como definido e autorizado por orgao federal competente;
SP054190;SIM;;;;;;;;;;SIM;SIM;;;;;Artigo 419 do RICMS;Diferimento - Operacao interna ou interestadual que destinar etanol anidro combustivel - EAC a estabelecimento do distribuidor de combustiveis, como tal definido e autorizado por orgao federal competente;
SP054191;SIM;;;;;;;;;;SIM;SIM;;;;;Artigo 419-B do RICMS;Diferimento - Saida interna de etanol anidro combustivel - EAC com destino a estabelecimento localizado em territorio paulista;
SP054201;SIM;;;;;;;;;;SIM;SIM;;;;;Artigo 420-A do RICMS;Diferimento - Operacao interna ou interestadual que destinar biodiesel puro - B100 a estabelecimento do distribuidor de combustiveis, como tal definido e autorizado por orgao federal competente;
SP054210;SIM;;;;;;;;;;SIM;SIM;;;;;Artigo 421 do RICMS;Diferimento - Operacoes anteriores com querosene de aviacao, querosene iluminante, gasolina de aviacao e oleo combustivel, assim como com o petroleo bruto utilizado na sua fabricacao;
SP054220;SIM;;;;;;;;;;SIM;SIM;;;;;Artigo 422 do RICMS;Diferimento - Operacoes internas com gas natural, biogas e biometano a serem consumidos em processo de industrializacao em usina geradora de energia eletrica;
SP054221;SIM;;;;;;;;;;SIM;SIM;;;;;Artigo 422-B do RICMS;Diferimento - Saida interna de gas natural destinado a estabelecimento fabricante de vidro classificado nas posicoes 7003, 7005, 7006, 7007, 7009 e 7010 da Nomenclatura Comum do Mercosul - NCM;
SP054250;SIM;;;;;;;;;;SIM;;;;;;Artigo 425 do RICMS;Diferimento - Operacoes internas com energia eletrica, desde a sua importacao ou producao;
SP054251;SIM;;;;;;;;;;SIM;;;;;;Artigo 425-C do RICMS;Diferimento - Imposto devido sobre o valor dos encargos de conexao e de uso da rede basica de transmissao nas operacoes internas com energia eletrica;
SP054501;SIM;;;;;;;;;;SIM;;;;;;Artigo 450-B do RICMS;Diferimento - Saida interna de materia-prima, produto intermediario e material de embalagem, com destino a contribuinte beneficiario do Regime Especial Simplificado de Exportacao para fabricacao de mercadoria a ser exportada, quando o contribuinte fornece;
SP054502;SIM;;;;;;;;;SIM;;;;;;;Artigo 450-C do RICMS;Suspensao - Desembaraco aduaneiro de materia-prima, produto intermediario e material de embalagem empregados na fabricacao de mercadoria destinada a exportacao, quando a importacao seja promovida por contribuinte beneficiario do Regime Especial Simplifica;
SP054890;SIM;;;;;;;;;SIM;SIM;;;;;;Artigo 489 do RICMS;Diferimento ou suspensao com amparo em regime especial de oficio no interesse do contribuinte ou do fisco, estabelecido nos termos do Artigo 489 do RICMS;
SP058270;SIM;;;;;;;;;;SIM;;;;;;Artigo 27 DDTT do RICMS;Diferimento - Saida interna promovida pelo estabelecimento fabricante das mercadorias relacionadas no § 1° do Artigo 27 DDTT do RICMS diretamente a estabelecimento fabricante de vagao ferroviario de carga;
SP058290;SIM;;;;;;;;;SIM;;;;;;;Artigo 29 DDTT do RICMS;Suspensao - Desembaraco aduaneiro de bens destinados a integracao ao ativo imobilizado;
SP058810;SIM;;;;;;;;;;SIM;;;;;;Decreto 46.082/01;Diferimento - Operacoes internas com insumos, materiais e equipamentos, para construcao, conservacao, modernizacao e reparo de embarcacoes, enquanto igual tratamento for concedido pelo Estado do Rio de Janeiro;
SP058811;SIM;;;;;;;;;;SIM;;;;;;Decreto 51.608/07;Diferimento - Saidas internas de maquinas ou implementos agricolas;
SP058820;SIM;;;;;;;;;SIM;SIM;;;;;;Artigo 11 do Decreto 53.051/08;Suspensao ou diferimento amparado por regime especial concedido nos termos do artigo 11 do Decreto 53.051/08, que instutuiu o Programa de Incentivo ao Investimento pelo Fabricante de Veiculo Automotor - ProVeiculo;
SP058821;SIM;;;;;;;;;SIM;SIM;;;;;;Artigo 11 do Decreto 54.904/09;Suspensao ou diferimento amparado por regime especial concedido nos termos do artigo 11 do Decreto 54.904/09, que instutuiu o Programa de Incentivo ao Investimento pelo Fabricante de Produtos da Industria de Processamento Eletronico de Dados - Pro-Informa;
SP058822;SIM;;;;;;;;;SIM;SIM;;;;;;Decreto 55.901/10;Suspensao ou diferimento - Programa de Incentivo ao Setor Ferroviario - Pro-Trens;
SP058823;SIM;;;;;;;;;;SIM;;;;;;Decreto 58.977/13;Diferimento - Saida de etanol a ser utilizado na operacionalizacao de transporte dutoviario;
SP058830;SIM;;;;;;;;;SIM;SIM;;;;;;Artigo 1¦-A do Decreto 63.208/18;Diferimento ou suspensao - Operacoes realizadas por fabricante de bens finais ou por fabricante intermediario, devidamente habilitados no Repetro;
SP059001;SIM;;;;;;;;;;SIM;;;;;;Artigo 8¦ do Anexo XVII do RICMS ;Diferimento - Prestacao de servicos de telecomunicacao entre empresas sujeitas a regime especial na cessao de meios de rede, relacionadas em Ato Cotepe;
SP059002;SIM;;;;;;;;;;SIM;;;;;;Artigo 9¦ do Anexo XVII do RICMS ;Diferimento - Prestacoes de servico de comunicacao realizadas em territorio paulista para empresas de comunicacoes;
SP059003;SIM;;;;;;;;;;SIM;;;;;;Artigo 7¦ do Anexo XIX do RICMS;Diferimento - Saida interna promovida por produtor ou cooperativa com destino a estabelecimento da CONAB;
SP059004;SIM;;;;;;;;;;SIM;;;;;;Artigo 1¦ do Anexo VIII do RICMS;Diferimento - Sucessivas operacoes com produto primario agricola realizadas por intermedio de Bolsa quando a mercadoria se encontra depositada em armazem geral, salvo se houver regra especifica;
SP019010;SIM;;;;;;;SIM;;;;;;;;;Artigo 2¦ do Anexo XXI do RICMS;Isencao - Produto de artesanato;
SP059010;SIM;;;;;;;;;;SIM;;;;;;Artigo 3¦ do Anexo XXI do RICMS;Diferimento - Produto de artesanato;
